[
     {
          "data": "100_0_1_w.mod",
          "objective": 17317050.479125697,
          "gap": 9.972061631891073e-05,
          "solve_time": 466.58200001716614
     },
     {
          "data": "10_std.mod",
          "objective": 567626.2051995846,
          "gap": 9.889758775884333e-05,
          "solve_time": 0.6779999732971191
     },
     {
          "data": "150_0_1_w.mod",
          "objective": 27799764.263262544,
          "gap": 9.993207895442348e-05,
          "solve_time": 1539.5750000476837
     },
     {
          "data": "200_0_1_w.mod",
          "objective": 35868885.99565259,
          "gap": 0.00012177976604279468,
          "solve_time": 3600.1080000400543
     },
     {
          "data": "20_0_1_w.mod",
          "objective": 2989568.1132779713,
          "gap": 9.611358997849675e-05,
          "solve_time": 4.817000150680542
     },
     {
          "data": "50_0_1_w.mod",
          "objective": 8565262.794890102,
          "gap": 9.762173907971704e-05,
          "solve_time": 31.67900013923645
     },
     {
          "data": "75_0_1_w.mod",
          "objective": 10058948.212162234,
          "gap": 9.985607804825749e-05,
          "solve_time": 1532.5720000267029
     }
]